From FX,To FX,Open,High,Low,Close,Year,Month,Day,Time
EUR,USD,1.03745200,1.03745200,1.03745200,2022,11,16,21:38
GBP,USD,1.18790250,1.18790250,1.18790250,2022,11,16,21:38
